,Bitcoin,Ethereum,Ripple,Bitcoin Cash,Litecoin,Dashcoin,Monero,Dogecoin
Bitcoin,1.0,0.17302359136218157,0.16983380639593013,0.20499609509208871,0.3863623863717967,0.23526733275535314,0.2404072361420084,0.2850212564814119
Ethereum,0.17302359136218157,1.0,0.20467422607913058,0.3146396914463801,0.22642933285202074,0.31595744125456776,0.31126232529451725,0.23930430266852376
Ripple,0.16983380639593013,0.20467422607913058,1.0,0.2041263481972932,0.22561955337228498,0.1940601393630068,0.16843498050524167,0.20330287382982418
Bitcoin Cash,0.20499609509208871,0.3146396914463801,0.2041263481972932,1.0,0.2636252082231993,0.3063885512478221,0.30268872871551666,0.20710926330383236
Litecoin,0.3863623863717967,0.22642933285202074,0.22561955337228498,0.2636252082231993,1.0,0.28771715251738034,0.2843907347043138,0.3516278000930813
Dashcoin,0.23526733275535314,0.31595744125456776,0.1940601393630068,0.3063885512478221,0.28771715251738034,1.0,0.3707373634423859,0.3104086150624807
Monero,0.2404072361420084,0.31126232529451725,0.16843498050524167,0.30268872871551666,0.2843907347043138,0.3707373634423859,1.0,0.273811584907415
Dogecoin,0.2850212564814119,0.23930430266852376,0.20330287382982418,0.20710926330383236,0.3516278000930813,0.3104086150624807,0.273811584907415,1.0
