,Bitcoin,Ethereum,Ripple,Bitcoin Cash,Litecoin,Dashcoin,Monero,Dogecoin
Bitcoin,1.0,0.05648920213235343,0.13850087435564065,0.14542121586998202,0.4569584424111181,0.08702184774750518,0.2636244369001185,0.27395302990685433
Ethereum,0.05648920213235343,1.0,0.033893803752111734,0.1055745252393622,0.07591580576907188,0.028718566932621033,0.11422004647351654,0.08231618374984731
Ripple,0.13850087435564065,0.033893803752111734,1.0,0.10512473076309535,0.15504775450087,0.06939739059504609,0.09954776971908219,0.18305037235789215
Bitcoin Cash,0.14542121586998202,0.1055745252393622,0.10512473076309535,1.0,0.1996025773815118,0.08383741366964641,0.2788626415603533,0.1937269292994445
Litecoin,0.4569584424111181,0.07591580576907188,0.15504775450087,0.1996025773815118,1.0,0.09568440582575527,0.28654706456989426,0.33583018630865596
Dashcoin,0.08702184774750518,0.028718566932621033,0.06939739059504609,0.08383741366964641,0.09568440582575527,1.0,0.11283298677077316,0.1143774064856342
Monero,0.2636244369001185,0.11422004647351654,0.09954776971908219,0.2788626415603533,0.28654706456989426,0.11283298677077316,1.0,0.2998907102495375
Dogecoin,0.27395302990685433,0.08231618374984731,0.18305037235789215,0.1937269292994445,0.33583018630865596,0.1143774064856342,0.2998907102495375,1.0
