,Bitcoin,Ethereum,Ripple,Bitcoin Cash,Litecoin,Dashcoin,Monero,Dogecoin
Bitcoin,1.0,0.23602875132539702,0.23459600521144677,0.2567665409834567,0.518986026581264,0.32150242093480397,0.330023174680784,0.3854901764454093
Ethereum,0.23602875132539702,1.0,0.25134335352069115,0.36094857846946093,0.2916676924634559,0.3761630911805794,0.367571717081365,0.292693155583824
Ripple,0.23459600521144677,0.25134335352069115,1.0,0.24355426123777874,0.2982340738856621,0.24396928490307085,0.2137026056377428,0.2538811744249799
Bitcoin Cash,0.2567665409834567,0.36094857846946093,0.24355426123777874,1.0,0.3196579354483465,0.3579045495937848,0.35096037573671884,0.24242359649280698
Litecoin,0.518986026581264,0.2916676924634559,0.2982340738856621,0.3196579354483465,1.0,0.37418775590561115,0.37091132506271807,0.4518139008942247
Dashcoin,0.32150242093480397,0.3761630911805794,0.24396928490307085,0.3579045495937848,0.37418775590561115,1.0,0.4453580550074015,0.378632874554828
Monero,0.330023174680784,0.367571717081365,0.2137026056377428,0.35096037573671884,0.37091132506271807,0.4453580550074015,1.0,0.337879506932349
Dogecoin,0.3854901764454093,0.292693155583824,0.2538811744249799,0.24242359649280698,0.4518139008942247,0.378632874554828,0.337879506932349,1.0
